id,last_name,email,color,phone
1,Milsom,emilsom0@whitehouse.gov,Red,860-578-2744
2,,crosenwald1@seesaa.net,Blue,876-722-4653
3,,paggott2@wp.com,Green,150-257-2952
4,Bartelet,fbartelet3@exblog.jp,Red,531-562-3159
5,Glisane,jglisane4@bbc.co.uk,Green,215-294-2611
6,Mustoo,rmustoo5@friendfeed.com,Red,123-142-3706
7,Heed,oheed6@senate.gov,Blue,204-131-9771
8,Baguley,lbaguley7@fda.gov,Red,309-311-5074
9,Lenox,mlenox8@chron.com,Blue,211-228-8851
10,Hallgalley,qhallgalley9@irs.gov,Red,392-724-9553
11,Maryan,rmaryana@multiply.com,Blue,209-735-6510
12,Broggio,abroggiob@samsung.com,Blue,334-765-8033
13,Berthon,kberthonc@state.tx.us,Red,372-589-9941
14,Cadlock,dcadlockd@usda.gov,Blue,469-737-6136
15,Riccard,sriccarde@springer.com,Red,256-360-9173
16,Delagua,bdelaguaf@prweb.com,Green,488-439-8926
17,,wbrennekeg@usatoday.com,Blue,900-596-0151
18,Roycraft,croycrafth@ocn.ne.jp,Red,198-383-0854
19,Greenman,agreenmani@blinklist.com,Green,297-885-4887
20,Pratty,kprattyj@fotki.com,Blue,752-544-7683
21,Gallemore,lgallemorek@edublogs.org,Green,822-941-2788
22,Graffin,cgraffinl@devhub.com,Red,985-304-0586
23,Durdle,mdurdlem@google.cn,Red,762-743-0991
24,Bisp,jbispn@icio.us,Blue,885-639-2478
25,Weld,wweldo@newsvine.com,Red,660-181-1093
26,Barrett,hbarrettp@nsw.gov.au,Red,875-405-7331
27,Bowdler,bbowdlerq@chicagotribune.com,Red,543-708-0381
28,Renault,mrenaultr@yale.edu,Red,841-452-4787
29,Le Jean,tlejeans@unesco.org,Blue,206-873-6088
30,Lumbers,jlumberst@unblog.fr,Green,780-866-6602
31,Hadfield,ihadfieldu@so-net.ne.jp,Blue,538-198-4535
32,Bonn,abonnv@sciencedirect.com,Blue,800-415-5075
33,Goodbody,bgoodbodyw@webmd.com,Red,476-763-6460
34,Longfield,slongfieldx@domainmarket.com,Blue,361-596-5596
35,Blain,rblainy@sourceforge.net,Blue,799-512-3062
36,Banasik,bbanasikz@flavors.me,Blue,883-554-1521
37,Fakes,hfakes10@engadget.com,Green,766-278-7670
38,,arottgers11@nymag.com,Green,504-846-3784
39,Fentem,hfentem12@istockphoto.com,Green,141-646-4679
40,Pauwel,bpauwel13@fda.gov,Blue,284-404-1445
41,Andries,kandries14@ox.ac.uk,Blue,668-632-3105
42,Korneluk,bkorneluk15@princeton.edu,Green,780-821-8958
43,Rowson,drowson16@github.io,Green,563-724-2955
44,Bowld,kbowld17@skype.com,Red,669-756-1290
45,Fincken,dfincken18@purevolume.com,Green,216-308-6328
46,Grigori,lgrigori19@webnode.com,Blue,138-976-5957
47,Greatbatch,tgreatbatch1a@meetup.com,Blue,115-747-9145
48,Sulter,msulter1b@psu.edu,Green,223-593-8413
49,Weekley,uweekley1c@wikia.com,Blue,619-739-4297
50,Shimon,fshimon1d@hc360.com,Green,418-811-0837
51,Zambonini,gzambonini1e@studiopress.com,Red,382-324-1118
52,Rickesies,crickesies1f@istockphoto.com,Blue,786-946-6009
53,Alflatt,ralflatt1g@yahoo.com,Blue,313-648-6147
54,Mayow,hmayow1h@google.nl,Green,330-292-3803
55,Bemment,cbemment1i@guardian.co.uk,Blue,326-723-8711
56,Hellewell,phellewell1j@devhub.com,Blue,512-176-7473
57,Di Roberto,bdiroberto1k@etsy.com,Green,502-682-7914
58,Jiggen,tjiggen1l@freewebs.com,Blue,797-973-4967
59,Callender,dcallender1m@census.gov,Red,542-689-1854
60,Burgyn,hburgyn1n@cnet.com,Blue,835-868-4959
61,Lambie,llambie1o@amazon.com,Red,229-309-1747
62,Schubbert,aschubbert1p@friendfeed.com,Blue,496-958-0412
63,Wogan,swogan1q@godaddy.com,Blue,616-336-3957
64,Piff,ipiff1r@nba.com,Blue,739-726-5225
65,Ludlem,rludlem1s@jimdo.com,Blue,340-620-2735
66,Chstney,schstney1t@constantcontact.com,Red,988-261-7045
67,McVity,dmcvity1u@oaic.gov.au,Red,764-491-4289
68,Leveridge,aleveridge1v@vimeo.com,Green,359-305-1591
69,Doget,cdoget1w@t.co,Blue,496-664-2728
70,Carnelley,acarnelley1x@paypal.com,Blue,315-284-3498
71,Fowkes,rfowkes1y@loc.gov,Red,309-427-7786
72,Jindracek,tjindracek1z@prweb.com,Green,598-248-5678
73,Casserly,ecasserly20@jigsy.com,Green,128-609-3283
74,Tolhurst,etolhurst21@npr.org,Blue,170-403-2236
75,Braams,pbraams22@t-online.de,Green,524-455-1026
76,Wreath,dwreath23@amazon.co.jp,Green,215-717-4299
77,Purvis,jpurvis24@4shared.com,Red,117-554-2568
78,Pawels,kpawels25@feedburner.com,Green,831-712-7886
79,Costain,mcostain26@berkeley.edu,Green,226-792-0415
80,Cromar,icromar27@nyu.edu,Red,372-781-8392
81,Fawlks,mfawlks28@google.cn,Red,638-586-8538
82,Pikhno,jpikhno29@sakura.ne.jp,Green,985-428-8620
83,Mulvagh,kmulvagh2a@google.pl,Green,789-781-0250
84,Travers,ktravers2b@ihg.com,Blue,262-830-3292
85,McKeller,bmckeller2c@surveymonkey.com,Green,717-572-7501
86,Kefford,lkefford2d@comsenz.com,Red,394-101-0964
87,Walster,mwalster2e@xinhuanet.com,Green,358-501-7743
88,Krzyzaniak,akrzyzaniak2f@flickr.com,Blue,873-782-2275
89,Honeyghan,choneyghan2g@theatlantic.com,Red,486-360-4593
90,Norton,mnorton2h@xinhuanet.com,Green,163-969-8241
91,Shawley,sshawley2i@mayoclinic.com,Blue,841-889-0478
92,Brekonridge,ibrekonridge2j@walmart.com,Red,367-748-3265
93,O'Lennane,kolennane2k@linkedin.com,Blue,453-822-0687
94,Winfindine,swinfindine2l@harvard.edu,Red,173-871-8452
95,Corhard,acorhard2m@hostgator.com,Green,170-405-9843
96,Petyanin,ppetyanin2n@seesaa.net,Blue,652-997-7997
97,Crowthe,acrowthe2o@google.ru,Blue,817-581-5562
98,Trowell,ktrowell2p@umich.edu,Green,136-392-1109
99,MacSweeney,smacsweeney2q@npr.org,Blue,251-892-8546
100,Webley,awebley2r@sun.com,Blue,232-884-2771
101,Royse,mroyse2s@merriam-webster.com,Green,338-462-0758
102,Littlecote,hlittlecote2t@canalblog.com,Red,217-455-5156
103,Haddleton,thaddleton2u@sfgate.com,Green,847-354-3519
104,Wife,mwife2v@bbb.org,Red,360-838-5700
105,Sweetzer,dsweetzer2w@berkeley.edu,Green,553-718-1005
106,Johanning,cjohanning2x@sohu.com,Green,827-326-9732
107,Jickles,mjickles2y@fc2.com,Red,288-352-1362
108,Whittington,kwhittington2z@ted.com,Green,110-748-5427
109,O'Sculley,losculley30@macromedia.com,Green,404-218-6272
110,Darte,hdarte31@theglobeandmail.com,Green,603-801-1792
111,Beedon,rbeedon32@noaa.gov,Red,476-142-4728
112,Mathet,rmathet33@webmd.com,Red,641-641-3778
113,Grimsdell,agrimsdell34@fema.gov,Green,221-417-5325
114,Burnup,jburnup35@google.ru,Green,874-946-1830
115,Steger,csteger36@globo.com,Red,731-898-0593
116,Cesconi,pcesconi37@163.com,Green,733-148-5550
117,Powdrell,jpowdrell38@feedburner.com,Blue,964-411-4804
118,Ewells,bewells39@wikispaces.com,Red,975-814-3759
119,Millmoe,cmillmoe3a@amazon.de,Green,964-250-8868
120,Silverton,jsilverton3b@jalbum.net,Green,202-906-3901
121,Tod,stod3c@e-recht24.de,Red,446-817-8392
122,Iacobucci,miacobucci3d@mapy.cz,Green,403-561-9322
123,Dows,tdows3e@slashdot.org,Red,615-783-9517
124,Di Antonio,mdiantonio3f@yahoo.co.jp,Blue,698-114-8879
125,Bonwick,dbonwick3g@cisco.com,Green,702-121-7701
126,Tussaine,jtussaine3h@miitbeian.gov.cn,Red,496-575-0686
127,Gother,tgother3i@yahoo.co.jp,Green,983-559-5539
128,Maginot,smaginot3j@taobao.com,Red,352-603-2432
129,Fluck,bfluck3k@1688.com,Blue,709-665-8585
130,Velez,rvelez3l@digg.com,Green,637-469-8956
131,Furlong,lfurlong3m@creativecommons.org,Green,432-846-4016
132,McGirr,bmcgirr3n@freewebs.com,Green,275-545-2179
133,Marlor,hmarlor3o@about.com,Blue,972-553-8733
134,Riehm,mriehm3p@jugem.jp,Green,382-637-1826
135,Bearblock,hbearblock3q@reference.com,Red,616-943-7290
136,Gasquoine,cgasquoine3r@nymag.com,Blue,134-530-1469
137,Vickery,cvickery3s@fotki.com,Blue,155-671-4020
138,Strudwick,cstrudwick3t@cyberchimps.com,Green,444-298-1789
139,Abbess,dabbess3u@cbslocal.com,Green,900-237-5100
140,Gremane,mgremane3v@techcrunch.com,Blue,801-912-7108
141,Dregan,cdregan3w@skype.com,Blue,767-103-4665
142,Mellodey,emellodey3x@constantcontact.com,Blue,657-685-7041
143,Huckel,mhuckel3y@cisco.com,Green,538-569-0052
144,Cumberbatch,icumberbatch3z@wp.com,Red,199-470-1610
145,Rodgerson,mrodgerson40@ed.gov,Red,741-456-0927
146,Eastway,deastway41@webs.com,Blue,622-522-8231
147,Kennon,skennon42@blogs.com,Red,832-749-0816
148,Dreigher,pdreigher43@wordpress.org,Blue,735-652-6334
149,Macci,emacci44@1und1.de,Red,194-259-2577
150,Wilkin,rwilkin45@ameblo.jp,Green,621-477-3799
151,Cosgry,pcosgry46@unicef.org,Blue,388-513-0715
152,Waycot,ewaycot47@state.tx.us,Green,446-481-2834
153,Racine,pracine48@squarespace.com,Red,530-231-7874
154,Boule,cboule49@linkedin.com,Green,688-376-1481
155,Rimes,grimes4a@bravesites.com,Green,795-448-3120
156,Jocelyn,djocelyn4b@youtube.com,Red,953-556-4205
157,Quail,hquail4c@hp.com,Blue,189-807-4728
158,Lambal,ilambal4d@google.fr,Blue,290-545-0494
159,Mottram,bmottram4e@google.com,Green,943-158-6419
160,Treherne,dtreherne4f@msn.com,Red,445-744-1784
161,Lere,flere4g@weebly.com,Green,570-734-0877
162,Gostage,agostage4h@oaic.gov.au,Green,828-763-7473
163,Sells,rsells4i@hao123.com,Red,182-305-5831
164,Marden,gmarden4j@canalblog.com,Green,440-601-5711
165,MacAndie,smacandie4k@mapy.cz,Red,509-780-1181
166,Crosland,tcrosland4l@slate.com,Green,214-986-0998
167,Reyner,hreyner4m@ask.com,Green,427-722-3665
168,Bedberry,ebedberry4n@auda.org.au,Blue,187-456-5466
169,Hethron,ahethron4o@google.pl,Blue,284-548-1898
170,McMeyler,fmcmeyler4p@ucoz.com,Blue,490-934-9616
171,Narducci,bnarducci4q@people.com.cn,Blue,745-477-0351
172,Pudsey,tpudsey4r@oaic.gov.au,Red,970-300-1359
173,Brownett,cbrownett4s@va.gov,Green,633-137-8395
174,Ubsdale,fubsdale4t@apache.org,Red,425-968-6161
175,Rudledge,brudledge4u@privacy.gov.au,Red,455-533-9433
176,Haddow,khaddow4v@bandcamp.com,Green,380-397-7681
177,Beamond,cbeamond4w@fda.gov,Red,309-602-0780
178,Waghorne,swaghorne4x@baidu.com,Red,826-955-4282
179,De Giorgio,cdegiorgio4y@slashdot.org,Red,404-720-2012
180,Klouz,eklouz4z@virginia.edu,Red,546-540-2768
181,Borton,mborton50@illinois.edu,Green,324-444-1280
182,,srollo51@timesonline.co.uk,Blue,776-783-9822
183,Murrum,cmurrum52@wunderground.com,Red,929-383-5887
184,Audiss,daudiss53@yellowbook.com,Blue,551-292-8899
185,Kennerley,ekennerley54@trellian.com,Red,819-820-1135
186,Obbard,mobbard55@mysql.com,Blue,382-697-6276
187,Alsopp,aalsopp56@statcounter.com,Blue,999-757-5376
188,McKoy,smckoy57@themeforest.net,Red,437-146-3488
189,Schowenburg,rschowenburg58@bing.com,Green,918-443-5900
190,Gregorin,ggregorin59@google.ca,Green,628-181-3539
191,Suttell,dsuttell5a@salon.com,Red,764-254-7448
192,Vreiberg,cvreiberg5b@engadget.com,Green,944-376-3106
193,Hunnybun,ehunnybun5c@ocn.ne.jp,Red,359-441-9184
194,Teague,jteague5d@comsenz.com,Red,824-485-2362
195,Pendlebery,apendlebery5e@arizona.edu,Green,798-544-4695
196,Alejandre,ealejandre5f@ustream.tv,Red,456-123-5645
197,Cumberpatch,jcumberpatch5g@archive.org,Red,235-183-8320
198,Geal,bgeal5h@dot.gov,Blue,981-147-3450
199,Clewer,eclewer5i@wired.com,Blue,926-539-2614
200,Kilmurray,ekilmurray5j@is.gd,Blue,362-759-6743
201,Shrubb,lshrubb5k@mlb.com,Blue,603-448-1030
202,Overstreet,coverstreet5l@123-reg.co.uk,Red,891-888-1154
203,Munby,tmunby5m@flavors.me,Green,837-175-6620
204,Million,tmillion5n@ft.com,Green,588-890-5576
205,Dederick,tdederick5o@163.com,Red,692-792-7064
206,Porkiss,hporkiss5p@myspace.com,Blue,601-911-4199
207,Greggor,sgreggor5q@dedecms.com,Green,312-781-2244
208,Rumbellow,frumbellow5r@cornell.edu,Blue,416-936-3669
209,Leghorn,mleghorn5s@360.cn,Blue,448-810-0570
210,Blundell,cblundell5t@hao123.com,Green,526-916-7649
211,Bunny,abunny5u@wiley.com,Green,826-651-1415
212,Lestor,wlestor5v@mayoclinic.com,Green,168-948-2405
213,Webley,qwebley5w@about.me,Blue,263-266-1333
214,Enefer,benefer5x@usnews.com,Green,226-592-0692
215,Prover,tprover5y@wisc.edu,Green,683-448-6810
216,Pender,epender5z@t-online.de,Green,166-814-0744
217,Bunhill,dbunhill60@prnewswire.com,Red,642-425-0435
218,Verrick,dverrick61@cdbaby.com,Blue,383-731-4280
219,Drysdall,rdrysdall62@ning.com,Red,696-893-3089
220,Thickpenny,pthickpenny63@clickbank.net,Red,890-148-5000
221,Baddow,fbaddow64@home.pl,Red,875-841-6906
222,Topping,mtopping65@cnet.com,Green,129-657-8866
223,Landreth,nlandreth66@xinhuanet.com,Blue,210-679-5633
224,Le Barr,clebarr67@stanford.edu,Red,219-142-2418
225,Kemet,mkemet68@senate.gov,Blue,548-449-9410
226,Jarad,ajarad69@opensource.org,Green,638-318-4734
227,Shafto,sshafto6a@businesswire.com,Green,610-592-5912
228,Yurchishin,ayurchishin6b@adobe.com,Green,767-214-9041
229,Nisot,wnisot6c@vinaora.com,Blue,189-591-0449
230,Rawson,prawson6d@soup.io,Blue,390-442-6711
231,Mulchrone,smulchrone6e@ezinearticles.com,Red,379-761-9509
232,Scullin,pscullin6f@umn.edu,Green,134-968-7425
233,McEntee,mmcentee6g@blinklist.com,Green,953-568-1870
234,Henighan,ghenighan6h@columbia.edu,Blue,452-284-3494
235,Dyer,cdyer6i@hc360.com,Red,548-280-5139
236,Scanlin,rscanlin6j@qq.com,Red,688-243-0016
237,McCroary,bmccroary6k@dailymail.co.uk,Red,192-527-4579
238,Frensche,efrensche6l@businessinsider.com,Blue,974-588-9288
239,Franceschi,lfranceschi6m@soundcloud.com,Red,886-136-6493
240,Forsyth,bforsyth6n@macromedia.com,Red,701-525-6468
241,Gartenfeld,lgartenfeld6o@state.tx.us,Green,168-246-8334
242,McCromley,bmccromley6p@ifeng.com,Green,793-798-0122
243,Dwelling,gdwelling6q@columbia.edu,Green,968-583-4518
244,Eick,keick6r@noaa.gov,Green,924-105-2694
245,D'Onisi,mdonisi6s@geocities.com,Green,227-699-9359
246,Kach,hkach6t@bandcamp.com,Red,112-841-5639
247,Stannis,bstannis6u@pinterest.com,Red,188-981-7989
248,Mugleston,lmugleston6v@github.io,Red,882-524-0256
249,Mathou,lmathou6w@theatlantic.com,Green,247-143-0847
250,Cozens,lcozens6x@google.com,Green,423-227-9393
251,Esp,sesp6y@php.net,Green,688-642-3963
252,O'Rudden,korudden6z@edublogs.org,Green,708-537-4745
253,Calam,gcalam70@addthis.com,Green,283-642-1723
254,Seton,gseton71@angelfire.com,Green,281-726-1498
255,Hartus,nhartus72@printfriendly.com,Blue,676-214-3256
256,Taile,ttaile73@usatoday.com,Blue,222-654-5066
257,Riply,criply74@google.nl,Red,951-648-1310
258,Fawcett,wfawcett75@addtoany.com,Green,782-590-2395
259,Grelka,egrelka76@ameblo.jp,Red,413-848-9053
260,Blazej,mblazej77@apache.org,Red,111-975-6878
261,Dominichetti,sdominichetti78@usda.gov,Blue,703-577-6191
262,Rablen,mrablen79@blogger.com,Red,849-692-5657
263,Barthorpe,mbarthorpe7a@google.com.hk,Green,278-998-0129
264,Carnegy,gcarnegy7b@cornell.edu,Red,565-783-7431
265,Foxwell,rfoxwell7c@ucsd.edu,Green,920-195-4882
266,Towner,ctowner7d@youku.com,Green,511-646-1625
267,Tofts,ctofts7e@earthlink.net,Red,760-505-0255
268,Pallas,rpallas7f@gmpg.org,Red,139-943-0385
269,Scales,kscales7g@phoca.cz,Blue,383-737-2505
270,L'Homme,elhomme7h@ameblo.jp,Green,438-131-8920
271,Propper,kpropper7i@github.com,Green,643-730-4674
272,Rushworth,grushworth7j@tumblr.com,Green,627-304-2835
273,Durand,rdurand7k@cafepress.com,Red,495-732-0235
274,Cadman,zcadman7l@icio.us,Green,434-402-8344
275,Leak,sleak7m@ovh.net,Green,583-532-2203
276,Stapleford,cstapleford7n@naver.com,Green,641-201-6362
277,Larchiere,flarchiere7o@yellowpages.com,Green,850-847-6963
278,Salerno,gsalerno7p@flavors.me,Green,342-471-9955
279,Helian,chelian7q@sitemeter.com,Green,506-229-0726
280,O'Connor,toconnor7r@so-net.ne.jp,Red,740-993-0224
281,Forkan,mforkan7s@usa.gov,Green,404-554-9311
282,Wattisham,dwattisham7t@bluehost.com,Red,310-150-9348
283,,kshark7u@apache.org,Red,292-488-4298
284,Kettoe,lkettoe7v@lulu.com,Blue,752-472-2204
285,Warhurst,ywarhurst7w@walmart.com,Green,523-506-7950
286,Ely,tely7x@freewebs.com,Blue,562-495-0050
287,Walas,cwalas7y@fotki.com,Blue,352-848-4933
288,Gergely,ogergely7z@newsvine.com,Green,859-702-9884
289,Gooders,igooders80@naver.com,Green,636-828-8282
290,Sandels,ssandels81@dropbox.com,Blue,750-670-8001
291,Strangwood,astrangwood82@typepad.com,Blue,385-308-6855
292,Estevez,mestevez83@admin.ch,Green,313-575-9425
293,Gerb,mgerb84@reference.com,Blue,147-926-4211
294,Wilkowski,gwilkowski85@moonfruit.com,Green,439-330-0866
295,Dore,pdore86@prnewswire.com,Blue,131-940-8268
296,Bendare,fbendare87@over-blog.com,Red,288-633-3543
297,Torrecilla,ttorrecilla88@google.com.hk,Red,281-827-0391
298,covino,acovino89@sfgate.com,Red,951-311-4135
299,Sandeford,esandeford8a@seattletimes.com,Blue,754-914-9396
300,,bjakes8b@amazon.com,Green,320-540-8061
301,Beetlestone,rbeetlestone8c@hp.com,Blue,851-403-6027
302,Lough,clough8d@msu.edu,Red,126-757-1953
303,Kynforth,ckynforth8e@alexa.com,Red,888-985-6093
304,Juett,jjuett8f@github.io,Red,709-716-2138
305,Ovanesian,jovanesian8g@phpbb.com,Red,417-766-0321
306,Gilson,lgilson8h@sina.com.cn,Green,172-579-4842
307,Botley,mbotley8i@utexas.edu,Blue,502-334-8850
308,Aldin,laldin8j@cdc.gov,Blue,558-366-8970
309,Stancliffe,bstancliffe8k@jiathis.com,Green,505-341-8374
310,Coste,ecoste8l@pagesperso-orange.fr,Red,336-460-9227
311,Dominguez,tdominguez8m@naver.com,Red,763-838-0657
312,,bcunniam8n@ed.gov,Green,439-826-9094
313,Beddo,abeddo8o@photobucket.com,Green,454-862-2541
314,Dillicate,ldillicate8p@i2i.jp,Green,624-764-3030
315,Grog,sgrog8q@e-recht24.de,Blue,687-475-7427
316,Bassilashvili,lbassilashvili8r@simplemachines.org,Red,609-625-1321
317,Pawlyn,upawlyn8s@ow.ly,Red,522-732-1217
318,Cromie,kcromie8t@163.com,Green,802-990-0030
319,Scotsbrook,mscotsbrook8u@ycombinator.com,Blue,404-513-0323
320,Dymock,cdymock8v@hexun.com,Blue,721-128-3536
321,Fenge,cfenge8w@ca.gov,Green,659-467-8394
322,Megson,bmegson8x@netvibes.com,Red,353-946-0805
323,Markie,rmarkie8y@chicagotribune.com,Green,537-415-1481
324,Martinho,jmartinho8z@reddit.com,Red,478-236-0541
325,Ewart,kewart90@i2i.jp,Red,546-514-3801
326,Plackstone,vplackstone91@desdev.cn,Green,391-244-7926
327,Rochester,drochester92@go.com,Blue,420-267-8894
328,Twigge,stwigge93@booking.com,Red,506-628-3755
329,Rowbottom,nrowbottom94@seesaa.net,Green,799-404-7606
330,Scamp,bscamp95@theatlantic.com,Red,796-141-1929
331,Cousens,icousens96@vinaora.com,Green,478-380-9795
332,Dust,cdust97@tiny.cc,Red,290-562-4342
333,Orys,aorys98@house.gov,Red,950-926-4135
334,Slowan,cslowan99@go.com,Blue,232-621-4602
335,McConigal,hmcconigal9a@cbsnews.com,Red,277-387-5069
336,,idebling9b@simplemachines.org,Red,734-128-3858
337,Shepcutt,tshepcutt9c@usda.gov,Red,918-345-7314
338,Lamasna,glamasna9d@eepurl.com,Red,598-723-6917
339,Mulqueeny,pmulqueeny9e@sun.com,Green,317-996-8253
340,Gerrish,egerrish9f@webeden.co.uk,Green,316-478-0668
341,Hurnell,dhurnell9g@mail.ru,Green,375-551-2270
342,Munn,bmunn9h@tripod.com,Blue,863-346-3197
343,Iggalden,piggalden9i@wp.com,Blue,524-191-2971
344,Asling,rasling9j@squidoo.com,Green,141-960-0226
345,Raulstone,kraulstone9k@wikimedia.org,Green,980-474-9334
346,Ackenson,eackenson9l@nature.com,Blue,491-476-2503
347,Scourgie,sscourgie9m@ucla.edu,Green,513-359-9520
348,Tytherton,jtytherton9n@google.ca,Green,287-122-9595
349,Ketteridge,gketteridge9o@ed.gov,Green,908-846-4152
350,Schimank,fschimank9p@fc2.com,Green,241-890-3400
351,Hassewell,lhassewell9q@seesaa.net,Red,130-760-2663
352,Acaster,aacaster9r@harvard.edu,Blue,415-413-0318
353,,bastill9s@amazon.de,Green,186-903-8239
354,Guarin,mguarin9t@nydailynews.com,Blue,546-979-2319
355,Hehl,khehl9u@blogs.com,Red,483-506-9305
356,Seton,sseton9v@prlog.org,Red,317-858-6189
357,Stalley,astalley9w@clickbank.net,Green,394-919-8670
358,Wedgwood,twedgwood9x@fastcompany.com,Green,849-950-7259
359,Emmanuel,lemmanuel9y@51.la,Blue,830-906-7851
360,Harvett,charvett9z@yandex.ru,Red,634-493-3291
361,Raylton,srayltona0@springer.com,Green,866-335-4901
362,MacGinlay,amacginlaya1@miitbeian.gov.cn,Green,421-386-7853
363,Stanlick,bstanlicka2@webmd.com,Red,469-619-9394
364,Oldrey,aoldreya3@aboutads.info,Blue,875-292-6826
365,Rattenberie,brattenberiea4@accuweather.com,Green,539-208-5063
366,Jakubovits,djakubovitsa5@t.co,Red,171-684-9928
367,Skey,bskeya6@example.com,Blue,988-532-6008
368,Tomankowski,etomankowskia7@china.com.cn,Green,803-726-9209
369,Islip,aislipa8@plala.or.jp,Green,652-901-6456
370,Grafhom,kgrafhoma9@blog.com,Red,768-895-6102
371,Howland,thowlandaa@amazon.com,Red,305-788-9437
372,Norbury,mnorburyab@taobao.com,Green,842-522-9355
373,Cant,hcantac@gmpg.org,Green,670-679-0993
374,Danielsson,mdanielssonad@ucla.edu,Blue,613-840-4167
375,Backshall,mbackshallae@jugem.jp,Green,829-592-3619
376,Odo,lodoaf@dropbox.com,Red,531-780-2104
377,Barsby,ebarsbyag@princeton.edu,Red,684-762-6991
378,Kelsell,fkelsellah@tuttocitta.it,Blue,156-450-4285
379,McRobert,mmcrobertai@ask.com,Red,936-208-9834
380,Beeken,abeekenaj@drupal.org,Blue,122-162-2149
381,Honniebal,rhonniebalak@msn.com,Green,659-721-1821
382,Gionettitti,tgionettittial@dell.com,Red,510-564-7402
383,D'Ruel,gdruelam@dailymail.co.uk,Blue,913-517-6671
384,Halwill,ghalwillan@twitter.com,Blue,957-376-2919
385,Linnett,alinnettao@oaic.gov.au,Red,863-851-1546
386,Iacovucci,diacovucciap@slate.com,Green,701-316-0239
387,Hanretty,xhanrettyaq@slideshare.net,Blue,480-703-6269
388,Consterdine,bconsterdinear@si.edu,Red,282-938-6397
389,Assiter,tassiteras@vkontakte.ru,Red,779-698-3715
390,Campagne,rcampagneat@independent.co.uk,Red,835-275-5184
391,Dursley,ldursleyau@blogger.com,Red,104-554-3179
392,Fuentez,nfuentezav@prweb.com,Green,562-758-8122
393,Banfill,mbanfillaw@usatoday.com,Green,754-660-6985
394,Inglefield,iinglefieldax@myspace.com,Blue,727-977-8432
395,Massei,smasseiay@merriam-webster.com,Green,775-635-9998
396,Brunner,mbrunneraz@patch.com,Blue,513-326-4789
397,Huggens,lhuggensb0@hubpages.com,Blue,366-767-3003
398,Milazzo,imilazzob1@alibaba.com,Blue,449-995-8842
399,Storch,rstorchb2@cam.ac.uk,Blue,935-546-3349
400,Gall,rgallb3@blogtalkradio.com,Green,271-710-6629
401,Cudbird,ccudbirdb4@t.co,Blue,509-317-2368
402,McCreath,amccreathb5@va.gov,Green,685-282-3215
403,Adamski,kadamskib6@vistaprint.com,Blue,575-688-9121
404,Poppy,jpoppyb7@surveymonkey.com,Blue,892-798-8141
405,Screwton,ascrewtonb8@ucsd.edu,Green,654-349-8942
406,Alchin,dalchinb9@weibo.com,Green,591-721-5326
407,Dioniso,jdionisoba@google.com.au,Green,823-981-8368
408,Pulver,ppulverbb@trellian.com,Green,863-978-8376
409,Pyson,kpysonbc@scribd.com,Red,953-127-8871
410,Geggus,ageggusbd@wsj.com,Green,126-264-4279
411,Bozworth,dbozworthbe@jimdo.com,Blue,858-601-1767
412,Eddleston,ceddlestonbf@tinyurl.com,Blue,385-686-2234
413,Depke,adepkebg@behance.net,Blue,384-131-7297
414,Blow,dblowbh@smugmug.com,Blue,138-508-7679
415,Whate,pwhatebi@w3.org,Blue,288-884-3203
416,McGeachy,gmcgeachybj@unc.edu,Green,253-281-2061
417,Sprigin,bspriginbk@cocolog-nifty.com,Blue,947-425-0422
418,Hailey,bhaileybl@imgur.com,Green,735-591-7300
419,Doggrell,cdoggrellbm@wikimedia.org,Green,439-122-5063
420,Chastenet,lchastenetbn@ebay.com,Red,727-963-6385
421,Anglish,canglishbo@mac.com,Red,721-571-0053
422,Gwynn,sgwynnbp@timesonline.co.uk,Green,237-722-3814
423,Cahalan,dcahalanbq@telegraph.co.uk,Green,552-243-2227
424,Sultana,msultanabr@phoca.cz,Red,281-505-7240
425,Matzkaitis,mmatzkaitisbs@php.net,Green,600-104-5166
426,Elwood,eelwoodbt@ycombinator.com,Green,432-273-8996
427,Radbone,aradbonebu@booking.com,Green,658-665-6222
428,Torre,mtorrebv@google.com,Blue,506-858-3389
429,Jarmyn,djarmynbw@mlb.com,Blue,521-557-3981
430,Downs,ndownsbx@mozilla.com,Red,259-992-2646
431,Chartre,gchartreby@delicious.com,Green,830-652-0865
432,Posselow,cposselowbz@examiner.com,Red,433-236-8731
433,Morena,wmorenac0@ft.com,Red,729-894-0083
434,Slaymaker,jslaymakerc1@networkadvertising.org,Green,937-943-5154
435,Spellward,wspellwardc2@nbcnews.com,Green,943-182-8486
436,Offa,toffac3@studiopress.com,Blue,166-212-5899
437,Loddon,eloddonc4@techcrunch.com,Blue,947-268-0447
438,Pochin,jpochinc5@bluehost.com,Red,621-359-3307
439,Bottle,abottlec6@wikispaces.com,Blue,470-912-0765
440,Cammish,jcammishc7@pagesperso-orange.fr,Green,411-650-2063
441,Bettridge,sbettridgec8@nhs.uk,Red,859-310-2960
442,Dykins,jdykinsc9@nature.com,Green,402-221-6419
443,Brisse,kbrisseca@jalbum.net,Red,968-257-2233
444,Fogel,lfogelcb@php.net,Blue,975-712-4654
445,Ewols,mewolscc@mlb.com,Blue,716-544-5215
446,Francey,ffranceycd@who.int,Green,253-954-5233
447,Tschirschky,ztschirschkyce@plala.or.jp,Blue,816-513-0258
448,Legge,aleggecf@redcross.org,Blue,998-709-5894
449,De Angelo,adeangelocg@w3.org,Blue,412-294-0375
450,Ambrogiotti,sambrogiottich@illinois.edu,Blue,309-931-1331
451,Dufall,ddufallci@wikia.com,Green,829-410-4083
452,Imort,bimortcj@jiathis.com,Green,330-268-5835
453,Harries,lharriesck@virginia.edu,Blue,144-758-3985
454,Campbell,bcampbellcl@spotify.com,Red,446-250-3496
455,Trembley,atrembleycm@senate.gov,Green,990-367-4431
456,Hibbart,bhibbartcn@walmart.com,Red,654-854-5836
457,Rubega,arubegaco@apple.com,Green,906-670-8665
458,Hillburn,fhillburncp@japanpost.jp,Blue,377-616-6030
459,Breit,pbreitcq@jugem.jp,Red,591-110-2217
460,Haquard,mhaquardcr@meetup.com,Red,690-259-0800
461,Huxley,jhuxleycs@opensource.org,Red,454-329-8655
462,MacDonell,cmacdonellct@ameblo.jp,Green,652-365-6816
463,Filgate,efilgatecu@patch.com,Red,625-670-8642
464,McGillivray,cmcgillivraycv@issuu.com,Blue,105-806-9436
465,Norker,anorkercw@phoca.cz,Blue,180-983-0224
466,Mallabund,amallabundcx@economist.com,Green,876-782-9256
467,Pherps,vpherpscy@elegantthemes.com,Red,262-435-2035
468,McGlew,rmcglewcz@admin.ch,Green,862-234-4006
469,Allgood,mallgoodd0@istockphoto.com,Blue,374-824-9427
470,Wadly,iwadlyd1@gnu.org,Green,431-644-7395
471,Duggary,mduggaryd2@npr.org,Blue,499-205-0248
472,Grimsditch,kgrimsditchd3@livejournal.com,Red,866-350-0380
473,,zextilld4@nih.gov,Red,312-364-1553
474,Macken,smackend5@fema.gov,Blue,718-788-3079
475,Broome,zbroomed6@webnode.com,Red,750-466-3558
476,Jakel,bjakeld7@purevolume.com,Blue,285-376-4838
477,Dilkes,rdilkesd8@meetup.com,Blue,973-826-0139
478,Juszczyk,sjuszczykd9@purevolume.com,Green,295-633-6730
479,Fairlam,tfairlamda@tinyurl.com,Green,769-114-4475
480,Derx,mderxdb@xinhuanet.com,Red,253-526-7133
481,Essery,lesserydc@pagesperso-orange.fr,Red,160-186-1801
482,Lackington,tlackingtondd@nyu.edu,Red,430-835-9494
483,Reynoldson,vreynoldsonde@tiny.cc,Green,816-475-0311
484,Buff,cbuffdf@sitemeter.com,Red,549-450-6090
485,Tuffs,dtuffsdg@icq.com,Blue,804-513-3790
486,Plaster,mplasterdh@about.com,Green,481-537-3045
487,Ranklin,dranklindi@cdbaby.com,Blue,419-732-1597
488,Haston,khastondj@google.com,Green,343-774-1178
489,Bampton,jbamptondk@techcrunch.com,Blue,772-548-3578
490,Sinkin,csinkindl@artisteer.com,Blue,383-930-4243
491,Whitebread,cwhitebreaddm@cbc.ca,Red,453-656-0213
492,Bodicum,lbodicumdn@unesco.org,Green,595-538-4138
493,Yushkin,pyushkindo@pbs.org,Red,533-436-3985
494,Dunnan,ldunnandp@ebay.com,Blue,759-830-2187
495,Commins,acomminsdq@intel.com,Green,193-909-6626
496,Peterson,apetersondr@webmd.com,Blue,279-959-0185
497,Hovel,thovelds@shop-pro.jp,Green,426-953-8341
498,Lesser,mlesserdt@admin.ch,Red,159-512-8508
499,Cuolahan,acuolahandu@amazon.com,Blue,263-265-1709
500,Kempton,vkemptondv@slashdot.org,Green,506-793-0534
501,Gutowska,ggutowskadw@histats.com,Red,420-799-2445
502,Coultar,ccoultardx@digg.com,Red,395-212-5645
503,Cuniam,vcuniamdy@eepurl.com,Green,852-883-0592
504,Frye,ufryedz@constantcontact.com,Red,304-161-1402
505,,dgogane0@domainmarket.com,Blue,491-798-3346
506,Pepperd,ppepperde1@pbs.org,Red,608-670-0558
507,Conybear,cconybeare2@nba.com,Green,925-287-4150
508,Hanrott,nhanrotte3@php.net,Red,158-550-5158
509,Reckless,hrecklesse4@cafepress.com,Green,292-517-0604
510,Warin,gwarine5@canalblog.com,Red,763-392-4073
511,Deare,idearee6@miitbeian.gov.cn,Green,422-859-5552
512,Meekins,smeekinse7@cdc.gov,Green,539-613-6466
513,Roycroft,groycrofte8@exblog.jp,Green,706-491-8634
514,Greet,rgreete9@sun.com,Green,685-491-8705
515,McMechan,omcmechanea@gravatar.com,Green,962-284-9559
516,Behrens,gbehrenseb@guardian.co.uk,Red,399-587-2902
517,Regglar,dregglarec@shareasale.com,Blue,741-181-3694
518,Rouby,kroubyed@issuu.com,Red,845-741-4969
519,Peattie,gpeattieee@comsenz.com,Red,811-292-1339
520,Werndley,bwerndleyef@ihg.com,Blue,588-456-2044
521,Nesbeth,knesbetheg@reference.com,Green,145-537-8194
522,Bee,dbeeeh@reverbnation.com,Blue,147-402-2498
523,Hasker,chaskerei@about.com,Green,622-229-1274
524,Royle,croyleej@businessweek.com,Green,532-468-8926
525,Viscovi,eviscoviek@delicious.com,Red,540-652-9933
526,Larrett,olarrettel@youtu.be,Green,501-923-9361
527,Jedrzejewski,mjedrzejewskiem@google.fr,Green,583-839-3874
528,Forsythe,jforsytheen@google.nl,Red,536-491-1509
529,Clausewitz,fclausewitzeo@intel.com,Blue,286-917-5804
530,Beavington,sbeavingtonep@bbc.co.uk,Red,616-191-2427
531,Upstell,bupstelleq@unblog.fr,Green,217-809-3916
532,Lapham,blaphamer@boston.com,Green,292-576-9490
533,Keasey,ckeaseyes@boston.com,Blue,231-652-1142
534,Fresson,rfressonet@phpbb.com,Green,987-247-1987
535,Puckrin,vpuckrineu@yelp.com,Red,170-972-3135
536,Risborough,brisboroughev@tuttocitta.it,Green,450-545-7036
537,Prestie,cprestieew@google.co.uk,Red,161-976-8332
538,,dberresfordex@icq.com,Blue,508-742-7108
539,Wurz,gwurzey@google.com.br,Blue,508-500-2551
540,Macak,cmacakez@mozilla.com,Blue,253-106-4585
541,Bascomb,mbascombf0@last.fm,Green,161-866-4453
542,Reith,vreithf1@fastcompany.com,Blue,943-112-8889
543,Raccio,sracciof2@chron.com,Green,675-916-4740
544,Mileham,jmilehamf3@wordpress.com,Red,967-710-1501
545,Papierz,gpapierzf4@cnet.com,Red,347-313-8468
546,Patillo,spatillof5@webmd.com,Blue,293-268-6544
547,McShea,dmcsheaf6@statcounter.com,Green,693-672-6892
548,Dorrian,adorrianf7@qq.com,Blue,390-149-0265
549,Bonwell,nbonwellf8@nationalgeographic.com,Blue,481-528-4182
550,Ascraft,fascraftf9@issuu.com,Green,363-750-1347
551,Clementet,pclementetfa@sitemeter.com,Green,703-805-4377
552,Kinze,ckinzefb@privacy.gov.au,Blue,436-534-9107
553,Joinson,jjoinsonfc@github.io,Red,448-824-9118
554,Cluitt,dcluittfd@yahoo.co.jp,Red,491-792-3052
555,Lisamore,dlisamorefe@archive.org,Blue,411-450-9586
556,Gregersen,tgregersenff@foxnews.com,Red,585-106-0015
557,Brooksby,mbrooksbyfg@forbes.com,Red,494-105-7248
558,Kindleside,ckindlesidefh@ed.gov,Red,440-866-0319
559,McPake,mmcpakefi@ovh.net,Green,950-582-9584
560,,cbowbrickfj@kickstarter.com,Red,401-944-2552
561,Hiscoke,dhiscokefk@about.com,Green,904-635-4795
562,Pinyon,jpinyonfl@simplemachines.org,Red,352-776-1199
563,Gammidge,qgammidgefm@ovh.net,Red,468-581-1219
564,Vandenhoff,jvandenhofffn@unesco.org,Green,276-121-6892
565,Carme,ecarmefo@archive.org,Red,964-748-3867
566,Longhurst,dlonghurstfp@t.co,Green,997-936-2545
567,Eam,ceamfq@google.pl,Red,142-234-7541
568,Rodell,prodellfr@ihg.com,Blue,715-815-3012
569,Stenett,nstenettfs@mayoclinic.com,Blue,213-334-8219
570,Coleborn,mcolebornft@goo.ne.jp,Green,835-127-5368
571,Blabey,nblabeyfu@senate.gov,Blue,161-687-9875
572,Bolf,nbolffv@prweb.com,Blue,579-461-2909
573,Bubbear,rbubbearfw@scribd.com,Green,276-751-2416
574,MacIlhagga,pmacilhaggafx@is.gd,Green,565-437-7494
575,Yeend,gyeendfy@blinklist.com,Green,835-321-1954
576,Wickliffe,swickliffefz@gov.uk,Red,543-457-7254
577,Conaghy,oconaghyg0@reference.com,Blue,407-447-9343
578,Crepin,jcreping1@wunderground.com,Blue,756-238-3938
579,Trynor,strynorg2@marriott.com,Red,159-808-2144
580,Housiaux,ahousiauxg3@symantec.com,Blue,699-941-0845
581,Hindenburg,lhindenburgg4@dmoz.org,Green,854-961-9210
582,Pavett,cpavettg5@thetimes.co.uk,Blue,176-472-9931
583,Baptist,rbaptistg6@ezinearticles.com,Blue,611-756-2486
584,Endecott,tendecottg7@de.vu,Green,587-353-1346
585,Sharrocks,msharrocksg8@accuweather.com,Green,662-495-4464
586,Marchment,nmarchmentg9@wired.com,Green,830-833-5703
587,Divver,tdivverga@lulu.com,Blue,994-432-6170
588,Leither,jleithergb@qq.com,Red,162-291-5394
589,Reoch,jreochgc@toplist.cz,Red,466-183-6143
590,Miller,cmillergd@diigo.com,Green,130-788-5184
591,Collihole,acolliholege@dropbox.com,Green,419-236-0997
592,Peret,rperetgf@google.co.uk,Green,616-941-7868
593,Covotto,kcovottogg@google.es,Red,930-243-6421
594,Heakey,dheakeygh@sphinn.com,Green,736-825-5994
595,Heugle,cheuglegi@freewebs.com,Blue,147-439-9488
596,Demelt,vdemeltgj@cnbc.com,Green,578-637-5691
597,Atwater,matwatergk@naver.com,Blue,441-839-8754
598,Foottit,bfoottitgl@msu.edu,Green,463-145-9536
599,Cosgrave,kcosgravegm@hexun.com,Red,219-646-9430
600,Hosten,dhostengn@archive.org,Green,985-105-6251
601,Habden,dhabdengo@boston.com,Green,616-242-3866
602,Roseman,frosemangp@cargocollective.com,Green,657-119-4887
603,Nixon,mnixongq@samsung.com,Green,544-583-1701
604,Hinder,thindergr@webs.com,Green,724-255-3243
605,Branigan,jbranigangs@flickr.com,Red,777-856-2367
606,Grinyov,ugrinyovgt@ocn.ne.jp,Red,918-491-4546
607,Melmore,pmelmoregu@etsy.com,Green,921-909-5617
608,Endacott,cendacottgv@dion.ne.jp,Green,821-779-9740
609,Graveston,rgravestongw@biblegateway.com,Red,576-972-3222
610,Belch,gbelchgx@stanford.edu,Green,780-875-0868
611,Turfes,aturfesgy@latimes.com,Red,405-269-6233
612,Jirka,yjirkagz@princeton.edu,Red,770-282-3536
613,Middell,cmiddellh0@google.com.hk,Red,226-325-4270
614,Tejero,gtejeroh1@networkadvertising.org,Green,809-848-6448
615,Geldeard,hgeldeardh2@bbb.org,Green,558-981-4979
616,Cumbridge,ecumbridgeh3@twitter.com,Red,629-984-3666
617,Dominey,sdomineyh4@home.pl,Red,372-513-5966
618,Lestor,blestorh5@rambler.ru,Blue,659-241-0170
619,Baudy,abaudyh6@hostgator.com,Blue,540-385-5983
620,Stailey,sstaileyh7@chicagotribune.com,Green,566-204-6107
621,Lipgens,klipgensh8@surveymonkey.com,Blue,431-847-7660
622,Elliker,mellikerh9@livejournal.com,Red,908-847-7978
623,Greenhall,wgreenhallha@imgur.com,Green,930-714-9450
624,Maplethorp,emaplethorphb@ning.com,Red,796-667-5388
625,Shand,tshandhc@fotki.com,Red,631-383-3086
626,Oxenham,moxenhamhd@shinystat.com,Blue,379-956-3009
627,Shawyer,sshawyerhe@macromedia.com,Blue,301-665-5002
628,,bsleehf@salon.com,Red,441-396-3282
629,Cobb,lcobbhg@angelfire.com,Green,295-785-4139
630,Escot,vescothh@gmpg.org,Blue,184-105-4687
631,Koeppke,pkoeppkehi@independent.co.uk,Green,348-677-6602
632,Pillman,tpillmanhj@joomla.org,Green,412-154-5589
633,Charopen,scharopenhk@vistaprint.com,Red,625-102-2004
634,Cosby,lcosbyhl@ucsd.edu,Red,237-883-1035
635,Neesham,cneeshamhm@a8.net,Green,308-517-8849
636,Ottewill,dottewillhn@newsvine.com,Red,282-956-8277
637,Rogier,trogierho@weibo.com,Blue,331-401-7205
638,McTerry,tmcterryhp@sphinn.com,Red,750-159-4517
639,Kenrick,akenrickhq@woothemes.com,Blue,697-202-0719
640,Corkill,gcorkillhr@multiply.com,Red,197-693-4620
641,Ernke,bernkehs@latimes.com,Green,972-324-2339
642,Brockett,ebrockettht@buzzfeed.com,Green,438-849-6564
643,Scalia,cscaliahu@dailymail.co.uk,Blue,695-929-2492
644,Python,spythonhv@scientificamerican.com,Blue,818-514-6319
645,Charlick,scharlickhw@washingtonpost.com,Green,419-621-8797
646,Fielders,ffieldershx@geocities.jp,Blue,538-862-0129
647,Finnick,rfinnickhy@creativecommons.org,Green,132-865-5719
648,Mountlow,zmountlowhz@vk.com,Blue,851-924-0118
649,Wearne,mwearnei0@mit.edu,Red,450-551-2223
650,Castiblanco,dcastiblancoi1@hibu.com,Blue,847-443-7328
651,Roff,aroffi2@blogger.com,Green,999-339-4623
652,Attenborough,zattenboroughi3@amazon.co.uk,Green,532-197-3860
653,Betje,tbetjei4@google.it,Blue,578-129-9131
654,Quare,fquarei5@imageshack.us,Green,149-971-2244
655,Stanlack,estanlacki6@cafepress.com,Green,781-871-6456
656,Folling,afollingi7@woothemes.com,Green,833-377-1452
657,O'Feeny,sofeenyi8@weebly.com,Red,270-578-5823
658,Pedlingham,wpedlinghami9@t.co,Blue,206-543-2462
659,Malpas,kmalpasia@home.pl,Green,163-627-3203
660,O'Fielly,lofiellyib@gizmodo.com,Green,112-392-3724
661,Abdey,dabdeyic@smh.com.au,Green,473-635-5014
662,Walkingshaw,cwalkingshawid@who.int,Red,518-726-6632
663,Munby,cmunbyie@topsy.com,Red,404-672-9205
664,O'Henecan,aohenecanif@blogger.com,Green,698-407-0684
665,Sket,nsketig@meetup.com,Blue,439-435-5065
666,Rembrant,mrembrantih@accuweather.com,Red,460-716-4491
667,O'Gormally,qogormallyii@biglobe.ne.jp,Blue,979-312-7319
668,,rbrownbillij@businessinsider.com,Red,300-358-4112
669,Tamsett,atamsettik@unicef.org,Blue,113-176-0924
670,Nowell,anowellil@alibaba.com,Blue,298-178-0821
671,Clutton,icluttonim@sphinn.com,Blue,533-157-3243
672,Gipson,rgipsonin@buzzfeed.com,Green,455-942-7911
673,Blasl,kblaslio@bloglines.com,Green,982-952-6669
674,Gurner,cgurnerip@wsj.com,Red,955-727-9723
675,Barles,nbarlesiq@phpbb.com,Blue,406-406-1225
676,Botterell,ibotterellir@whitehouse.gov,Green,559-437-0494
677,Clausen,jclausenis@blogtalkradio.com,Green,918-573-9002
678,Treneman,ntrenemanit@shutterfly.com,Blue,571-819-1527
679,Staley,sstaleyiu@imgur.com,Red,774-114-2695
680,Girardot,mgirardotiv@salon.com,Green,391-747-7906
681,Brager,jbrageriw@arstechnica.com,Red,184-104-4145
682,Gorringe,mgorringeix@jiathis.com,Blue,562-975-8934
683,Stalman,lstalmaniy@baidu.com,Blue,588-633-2247
684,Popov,bpopoviz@edublogs.org,Blue,799-825-6551
685,Downer,hdownerj0@webnode.com,Red,786-179-9687
686,Saundercock,jsaundercockj1@t-online.de,Blue,425-993-7882
687,Chevin,schevinj2@scientificamerican.com,Green,506-352-2199
688,McCudden,dmccuddenj3@github.io,Blue,685-172-3355
689,Andrick,candrickj4@nps.gov,Blue,759-606-2476
690,Parkisson,aparkissonj5@home.pl,Red,874-238-5783
691,Whorall,gwhorallj6@instagram.com,Green,352-162-6321
692,Courtese,jcourtesej7@bloglovin.com,Green,679-492-5136
693,Fernez,gfernezj8@qq.com,Blue,638-909-5711
694,Gotfrey,bgotfreyj9@salon.com,Blue,452-679-0382
695,Wissbey,awissbeyja@hubpages.com,Red,128-725-0954
696,,svandalejb@bbc.co.uk,Blue,476-235-3575
697,Boast,wboastjc@cnn.com,Red,998-557-9949
698,Ragot,bragotjd@google.com.au,Green,281-997-5031
699,Bellanger,kbellangerje@linkedin.com,Green,498-329-2252
700,Kubas,gkubasjf@princeton.edu,Blue,789-789-3259
701,Hamon,mhamonjg@discuz.net,Blue,162-786-3120
702,Harverson,sharversonjh@quantcast.com,Red,877-323-9390
703,,vgeramji@samsung.com,Blue,964-452-5101
704,Chrystal,echrystaljj@wix.com,Green,307-828-4252
705,Patzelt,jpatzeltjk@google.com,Green,121-803-2742
706,Guppy,aguppyjl@earthlink.net,Blue,879-531-1539
707,Nono,dnonojm@flickr.com,Red,662-838-4676
708,Kimberley,gkimberleyjn@cyberchimps.com,Red,108-766-4986
709,Thompstone,bthompstonejo@printfriendly.com,Blue,680-342-6719
710,Hatherell,shatherelljp@washington.edu,Red,291-210-7190
711,Yea,jyeajq@bing.com,Red,741-241-6354
712,Keepence,kkeepencejr@cpanel.net,Blue,560-846-7770
713,Dahmel,sdahmeljs@google.it,Blue,345-154-8426
714,Scoular,ascoularjt@tamu.edu,Green,556-555-4553
715,Powys,mpowysju@foxnews.com,Green,790-956-2633
716,Tatersale,dtatersalejv@deliciousdays.com,Red,344-103-2515
717,Adicot,radicotjw@so-net.ne.jp,Green,569-819-1666
718,Bindin,bbindinjx@squarespace.com,Green,994-966-2636
719,Llorens,tllorensjy@edublogs.org,Blue,490-763-6013
720,Danskine,gdanskinejz@umn.edu,Blue,116-495-6276
721,Duddle,dduddlek0@cloudflare.com,Green,347-641-2854
722,Serck,sserckk1@furl.net,Red,506-695-4166
723,Tillard,ctillardk2@liveinternet.ru,Red,956-522-0649
724,Bockmann,vbockmannk3@123-reg.co.uk,Red,232-302-9172
725,Leversuch,sleversuchk4@prlog.org,Blue,893-136-2790
726,Jockle,ijocklek5@home.pl,Red,623-936-9838
727,Klyner,eklynerk6@ucoz.com,Red,474-191-1509
728,Rice,mricek7@nymag.com,Green,649-469-4561
729,Bordes,jbordesk8@oaic.gov.au,Blue,304-977-7521
730,Longstaffe,slongstaffek9@time.com,Blue,768-141-7622
731,Brasseur,rbrasseurka@pcworld.com,Blue,490-841-5594
732,Minelli,eminellikb@mayoclinic.com,Green,318-473-6787
733,Glennard,mglennardkc@acquirethisname.com,Blue,605-210-5372
734,Rizzillo,prizzillokd@studiopress.com,Green,677-604-9435
735,Durrad,jdurradke@prlog.org,Blue,704-759-5299
736,Mardy,mmardykf@wikia.com,Green,731-360-3880
737,McMyler,kmcmylerkg@newyorker.com,Red,595-238-3274
738,Sparks,msparkskh@jiathis.com,Red,167-295-2800
739,Rosevear,arosevearki@exblog.jp,Red,259-658-7280
740,Loades,jloadeskj@printfriendly.com,Green,898-358-0353
741,,obaynardkk@wikimedia.org,Red,632-931-9268
742,Dehn,pdehnkl@google.es,Green,913-871-0568
743,Schurcke,lschurckekm@desdev.cn,Green,904-991-3523
744,Weekly,mweeklykn@wsj.com,Green,232-704-2214
745,Dufoure,cdufoureko@statcounter.com,Green,502-477-9133
746,Newart,gnewartkp@tamu.edu,Red,811-321-3498
747,Feehan,nfeehankq@fda.gov,Green,603-653-5515
748,Jodrellec,tjodrelleckr@sitemeter.com,Red,919-570-2560
749,Fairall,tfairallks@godaddy.com,Red,828-443-8242
750,Emmanuel,gemmanuelkt@noaa.gov,Red,732-725-0416
751,Gamell,agamellku@tumblr.com,Green,775-633-8300
752,Arlet,aarletkv@spiegel.de,Red,748-622-2170
753,Paike,rpaikekw@fda.gov,Green,609-634-0662
754,Bauchop,tbauchopkx@nhs.uk,Green,810-677-3145
755,Fidler,afidlerky@skyrock.com,Blue,339-487-0031
756,Willshaw,cwillshawkz@salon.com,Green,926-158-2331
757,Mingaud,hmingaudl0@nytimes.com,Blue,980-204-9966
758,Robison,krobisonl1@i2i.jp,Green,597-701-2065
759,Olorenshaw,dolorenshawl2@cocolog-nifty.com,Green,529-215-5555
760,Biggar,ybiggarl3@hugedomains.com,Green,982-135-7616
761,Kelloch,kkellochl4@cdbaby.com,Red,499-876-4834
762,Dalling,sdallingl5@twitter.com,Green,701-818-8783
763,Jimmes,njimmesl6@wiley.com,Green,191-159-7328
764,Bonett,kbonettl7@booking.com,Blue,157-378-7499
765,Tardiff,rtardiffl8@sciencedaily.com,Red,622-641-1056
766,Clery,scleryl9@state.tx.us,Blue,650-583-1990
767,Pawle,kpawlela@xing.com,Green,579-784-0248
768,Leney,jleneylb@mozilla.com,Green,421-105-0547
769,Yeardsley,wyeardsleylc@scribd.com,Red,677-499-6525
770,Bulter,zbulterld@ted.com,Blue,235-638-7213
771,Wedge,rwedgele@jigsy.com,Red,270-263-9028
772,Megahey,wmegaheylf@behance.net,Blue,738-242-1995
773,Thunderman,gthundermanlg@va.gov,Red,814-196-3373
774,Nijs,knijslh@fastcompany.com,Red,314-558-3952
775,Casol,dcasolli@reverbnation.com,Blue,733-439-4503
776,Feldhuhn,dfeldhuhnlj@java.com,Green,830-863-0223
777,Larraway,blarrawaylk@google.nl,Blue,571-415-8526
778,Skerrett,jskerrettll@kickstarter.com,Green,863-786-5103
779,Witard,awitardlm@linkedin.com,Green,636-460-1450
780,Enefer,aeneferln@about.com,Green,800-236-7001
781,Alyoshin,palyoshinlo@purevolume.com,Red,487-781-8499
782,Mallabar,nmallabarlp@nps.gov,Blue,650-427-8439
783,Zettler,mzettlerlq@economist.com,Blue,149-283-6072
784,Catling,ccatlinglr@fda.gov,Red,483-225-4123
785,Jancic,ijancicls@tumblr.com,Red,387-649-1152
786,Santos,ksantoslt@columbia.edu,Red,839-947-7440
787,Swindley,cswindleylu@dagondesign.com,Red,748-653-7427
788,Edyson,vedysonlv@tinypic.com,Blue,834-634-8379
789,Dockery,ndockerylw@comcast.net,Red,372-417-1081
790,Buten,kbutenlx@ihg.com,Green,773-487-5945
791,Seekings,cseekingsly@cmu.edu,Red,995-237-3153
792,Pothecary,spothecarylz@geocities.jp,Red,676-856-1825
793,Ianniello,aianniellom0@godaddy.com,Green,751-494-5875
794,Brum,cbrumm1@acquirethisname.com,Green,456-271-8219
795,Ciobutaro,tciobutarom2@icq.com,Blue,196-539-9942
796,Hargreave,nhargreavem3@ed.gov,Red,446-492-8115
797,Prettejohns,aprettejohnsm4@indiegogo.com,Red,959-434-3433
798,Euesden,weuesdenm5@nydailynews.com,Blue,980-128-7790
799,Baskerfield,vbaskerfieldm6@cdc.gov,Green,364-805-9802
800,Ramlot,bramlotm7@geocities.com,Blue,496-273-8279
801,Meddings,rmeddingsm8@examiner.com,Red,555-935-3551
802,Denzey,sdenzeym9@ed.gov,Red,295-911-7117
803,Lambourne,clambournema@nih.gov,Blue,932-108-8143
804,Tompkins,gtompkinsmb@blog.com,Blue,857-809-2333
805,Waine,mwainemc@dailymail.co.uk,Red,496-268-5349
806,McGahern,rmcgahernmd@shutterfly.com,Red,594-876-6724
807,Coucha,mcouchame@chron.com,Red,678-938-0237
808,Pountain,cpountainmf@timesonline.co.uk,Red,313-751-8064
809,Mackness,lmacknessmg@netvibes.com,Red,725-112-6537
810,Jinkin,kjinkinmh@wunderground.com,Red,479-757-0356
811,Prazor,fprazormi@epa.gov,Red,906-444-8148
812,Stower,cstowermj@cornell.edu,Blue,435-919-6686
813,Nana,nnanamk@goo.ne.jp,Blue,210-337-7433
814,Wenman,awenmanml@typepad.com,Blue,518-276-3003
815,Bertrand,kbertrandmm@dot.gov,Red,635-377-0079
816,Eacott,geacottmn@meetup.com,Red,814-604-3865
817,Moisey,tmoiseymo@goo.gl,Red,360-673-0475
818,Yakuntzov,byakuntzovmp@infoseek.co.jp,Blue,961-956-8489
819,Aartsen,baartsenmq@toplist.cz,Green,683-484-2954
820,Sonier,dsoniermr@cbc.ca,Red,992-947-8303
821,Sweeting,esweetingms@ox.ac.uk,Green,875-281-7341
822,Dows,adowsmt@prnewswire.com,Blue,798-634-1059
823,Matyukon,gmatyukonmu@who.int,Red,499-534-6755
824,Baskeyfield,bbaskeyfieldmv@berkeley.edu,Blue,310-974-0776
825,Knobell,dknobellmw@comcast.net,Blue,654-320-9707
826,Blint,mblintmx@gmpg.org,Red,890-197-0861
827,Ferriere,aferrieremy@webs.com,Green,771-992-7182
828,Pahl,cpahlmz@gravatar.com,Blue,142-572-0049
829,,pcrusen0@jiathis.com,Green,586-532-5257
830,Duffit,sduffitn1@ed.gov,Green,792-715-5026
831,Walbrook,bwalbrookn2@kickstarter.com,Green,782-160-1266
832,Werendell,gwerendelln3@edublogs.org,Green,333-754-3499
833,Gibbetts,agibbettsn4@wunderground.com,Blue,953-597-4897
834,Tolliday,stollidayn5@ask.com,Red,284-412-2826
835,Mayou,fmayoun6@newsvine.com,Red,716-365-1301
836,Shegog,pshegogn7@indiatimes.com,Green,637-770-4343
837,Cammomile,mcammomilen8@europa.eu,Blue,325-654-1520
838,Tremmel,ctremmeln9@disqus.com,Blue,693-213-1172
839,Durrell,cdurrellna@123-reg.co.uk,Blue,564-376-8867
840,Lovstrom,wlovstromnb@google.pl,Blue,901-332-8941
841,Petzolt,ppetzoltnc@webnode.com,Red,426-549-5013
842,Hugk,nhugknd@sitemeter.com,Green,716-528-1310
843,Whyborn,cwhybornne@gov.uk,Blue,406-247-3808
844,Bucktrout,bbucktroutnf@alexa.com,Red,107-642-6639
845,Hatley,chatleyng@bloglines.com,Green,240-465-3200
846,Wykes,mwykesnh@state.tx.us,Blue,878-352-4759
847,Drover,rdroverni@gov.uk,Red,661-187-5626
848,Knott,vknottnj@com.com,Blue,353-919-5670
849,Ciccottio,aciccottionk@about.com,Blue,812-444-5351
850,Shoute,pshoutenl@opera.com,Blue,973-736-6980
851,Doornbos,tdoornbosnm@wordpress.com,Green,999-497-9467
852,Crowhurst,mcrowhurstnn@bizjournals.com,Blue,171-979-9140
853,,ccosserno@ifeng.com,Red,393-505-0844
854,Newbury,mnewburynp@wikimedia.org,Blue,610-105-4262
855,Spoward,rspowardnq@mapy.cz,Green,678-874-6642
856,Stille,ostillenr@who.int,Green,512-774-8796
857,Bissex,nbissexns@hugedomains.com,Blue,174-935-1425
858,Broome,sbrooment@rediff.com,Red,395-511-7968
859,Dimnage,bdimnagenu@symantec.com,Blue,583-505-0772
860,Gepheart,cgepheartnv@blogger.com,Blue,967-381-9880
861,Colmer,fcolmernw@hugedomains.com,Blue,554-336-3648
862,Parslow,bparslownx@typepad.com,Blue,200-661-3667
863,Stronack,gstronackny@weibo.com,Blue,276-894-6683
864,Oldfield,roldfieldnz@cdbaby.com,Green,988-325-3749
865,Dillestone,jdillestoneo0@businessinsider.com,Red,534-103-4293
866,McCluskey,cmccluskeyo1@hhs.gov,Blue,333-637-0478
867,Jowers,vjowerso2@sbwire.com,Green,891-659-8488
868,Trineman,strinemano3@apple.com,Blue,363-472-5638
869,Loakes,bloakeso4@miibeian.gov.cn,Blue,962-200-6091
870,Blacklock,cblacklocko5@pinterest.com,Red,589-615-3976
871,Camoys,gcamoyso6@disqus.com,Red,556-778-8961
872,Souster,dsoustero7@virginia.edu,Green,507-219-2021
873,Gylle,agylleo8@mapquest.com,Green,903-717-7778
874,Whoston,rwhostono9@mapy.cz,Red,619-642-4834
875,D'Alessandro,fdalessandrooa@yahoo.com,Red,383-789-1275
876,Thyer,jthyerob@live.com,Green,957-184-2381
877,Ferentz,pferentzoc@nbcnews.com,Red,349-110-7889
878,Tiplady,ptipladyod@house.gov,Blue,786-138-0680
879,Malenfant,rmalenfantoe@bloglines.com,Blue,242-449-9242
880,McKomb,lmckombof@1und1.de,Red,110-587-6388
881,Blamires,bblamiresog@feedburner.com,Green,364-713-8027
882,Baukham,dbaukhamoh@tripod.com,Green,788-545-5460
883,Praill,mprailloi@cbsnews.com,Green,209-765-6101
884,Pacheco,bpachecooj@github.com,Red,551-627-9562
885,Clissett,lclissettok@nps.gov,Green,562-890-7657
886,Danbrook,cdanbrookol@jugem.jp,Green,435-917-0305
887,Mickelwright,amickelwrightom@people.com.cn,Red,155-564-9289
888,Sutterby,asutterbyon@domainmarket.com,Red,974-135-5629
889,Antoniutti,eantoniuttioo@booking.com,Blue,379-659-7231
890,Elcott,melcottop@youtube.com,Green,488-119-6670
891,Sherbrook,csherbrookoq@china.com.cn,Blue,406-696-0672
892,Lacotte,dlacotteor@gmpg.org,Blue,686-461-3504
893,Inglefield,winglefieldos@hibu.com,Blue,928-106-9456
894,Odams,kodamsot@mozilla.org,Red,833-374-4555
895,Kitcherside,ikitchersideou@sourceforge.net,Blue,117-659-9366
896,Gellion,jgellionov@chronoengine.com,Red,919-139-7403
897,Lesper,wlesperow@ycombinator.com,Green,205-367-6820
898,Vasyutochkin,cvasyutochkinox@howstuffworks.com,Blue,916-893-5055
899,Myford,tmyfordoy@fema.gov,Green,840-176-5229
900,Saywood,asaywoodoz@cmu.edu,Blue,114-698-7364
901,Behn,nbehnp0@aol.com,Green,225-944-7858
902,Kellegher,ekellegherp1@mtv.com,Blue,124-539-1373
903,Fishlock,bfishlockp2@icq.com,Blue,974-166-0324
904,Cobain,mcobainp3@whitehouse.gov,Green,917-777-8973
905,Cubbini,rcubbinip4@hao123.com,Red,484-961-2344
906,Sambath,gsambathp5@homestead.com,Green,361-997-2477
907,Grinham,sgrinhamp6@clickbank.net,Red,869-481-5703
908,Fretson,mfretsonp7@addthis.com,Green,706-872-5624
909,Screas,dscreasp8@uol.com.br,Red,339-404-3502
910,Curuclis,scuruclisp9@cocolog-nifty.com,Green,514-127-2312
911,Nelane,cnelanepa@noaa.gov,Red,699-893-6350
912,O'Keevan,kokeevanpb@dagondesign.com,Blue,679-529-8734
913,Cornes,hcornespc@wp.com,Blue,811-188-6650
914,Cribbin,acribbinpd@miibeian.gov.cn,Blue,618-278-6352
915,Lello,vlellope@fema.gov,Red,258-453-3801
916,,fevendenpf@answers.com,Red,493-650-0531
917,Ilyuchyov,zilyuchyovpg@unc.edu,Red,996-834-0299
918,Crothers,gcrothersph@bloglovin.com,Green,923-276-0203
919,Filyaev,kfilyaevpi@rambler.ru,Red,669-156-7879
920,Macon,gmaconpj@shutterfly.com,Blue,531-405-9159
921,Crowe,ecrowepk@weather.com,Red,579-905-4035
922,MacQuaker,mmacquakerpl@harvard.edu,Blue,942-253-1390
923,Klagge,kklaggepm@cpanel.net,Green,518-350-1178
924,,mbourhillpn@thetimes.co.uk,Blue,702-826-3865
925,MacCaughan,bmaccaughanpo@360.cn,Red,230-189-9980
926,Cauldfield,bcauldfieldpp@istockphoto.com,Green,953-293-2097
927,Haxbie,ghaxbiepq@elegantthemes.com,Green,233-658-5913
928,Scoyles,sscoylespr@nhs.uk,Blue,476-214-4547
929,Browncey,sbrownceyps@zdnet.com,Green,695-448-3312
930,Allchorn,jallchornpt@twitter.com,Green,482-477-1834
931,Meese,cmeesepu@sogou.com,Green,659-872-8976
932,De la Yglesias,sdelayglesiaspv@unesco.org,Green,644-883-6869
933,List,clistpw@artisteer.com,Blue,209-259-3849
934,,ttchaikovskypx@cmu.edu,Red,861-653-6773
935,,rrawlepy@bizjournals.com,Green,857-312-6269
936,Yven,hyvenpz@walmart.com,Red,300-864-0214
937,Astall,vastallq0@nature.com,Blue,887-619-0603
938,Roscamps,nroscampsq1@free.fr,Green,284-744-9682
939,Boxe,aboxeq2@netvibes.com,Green,828-312-9686
940,Hamel,ghamelq3@ft.com,Red,213-157-3247
941,Timeby,stimebyq4@newsvine.com,Red,818-722-6066
942,Reddoch,rreddochq5@cyberchimps.com,Green,196-579-5160
943,Smallbone,rsmallboneq6@berkeley.edu,Blue,704-514-7128
944,Laslett,blaslettq7@latimes.com,Blue,697-521-6744
945,Saladine,fsaladineq8@bloglines.com,Green,584-616-3355
946,Haack,dhaackq9@va.gov,Green,211-749-3119
947,Shale,jshaleqa@whitehouse.gov,Red,391-288-8230
948,Tomlett,gtomlettqb@trellian.com,Blue,464-649-0195
949,Reynard,treynardqc@about.com,Green,186-130-8576
950,Kruschov,nkruschovqd@timesonline.co.uk,Red,284-934-8915
951,Redwood,aredwoodqe@paypal.com,Green,474-478-8400
952,Darree,ldarreeqf@ebay.com,Blue,254-214-3758
953,,bjarmanqg@shop-pro.jp,Red,882-285-3571
954,,dsimenonqh@nhs.uk,Red,816-965-5636
955,Abotson,jabotsonqi@miibeian.gov.cn,Blue,838-263-7440
956,Gillam,mgillamqj@biglobe.ne.jp,Red,409-587-5649
957,Beaven,lbeavenqk@netvibes.com,Red,921-589-5574
958,Focke,gfockeql@homestead.com,Green,110-716-1535
959,Spurrior,tspurriorqm@oracle.com,Blue,901-858-2121
960,Plowright,fplowrightqn@freewebs.com,Blue,582-467-1667
961,Mee,wmeeqo@intel.com,Green,333-711-3379
962,Godehard.sf,sgodehardsfqp@reuters.com,Green,881-226-9922
963,Jarritt,ojarrittqq@dedecms.com,Red,707-335-0917
964,Nielson,mnielsonqr@virginia.edu,Green,588-493-1271
965,Float,hfloatqs@flavors.me,Red,688-866-5977
966,Welchman,swelchmanqt@dmoz.org,Green,595-538-3661
967,Gaskal,bgaskalqu@java.com,Blue,970-378-6134
968,Vallentine,gvallentineqv@adobe.com,Red,118-799-2940
969,Morteo,zmorteoqw@cbsnews.com,Blue,627-435-9085
970,Jeffreys,ajeffreysqx@imageshack.us,Red,513-622-1115
971,Bleazard,cbleazardqy@networksolutions.com,Red,857-859-3673
972,Quarless,fquarlessqz@wordpress.org,Blue,528-113-5106
973,Ralling,urallingr0@qq.com,Green,938-390-4859
974,Finley,gfinleyr1@soundcloud.com,Red,340-208-7259
975,Arnley,tarnleyr2@ibm.com,Blue,880-940-3632
976,D'Adda,ldaddar3@t-online.de,Blue,522-999-8046
977,Szachniewicz,rszachniewiczr4@blogs.com,Blue,447-926-0655
978,Widger,nwidgerr5@nps.gov,Green,532-882-6228
979,Haldenby,yhaldenbyr6@etsy.com,Green,246-106-7509
980,Sidey,csideyr7@samsung.com,Blue,297-561-9182
981,Sherville,nsherviller8@examiner.com,Red,203-899-8993
982,Posnett,jposnettr9@infoseek.co.jp,Red,524-632-4375
983,Drinan,kdrinanra@cloudflare.com,Blue,289-807-3933
984,Sharply,csharplyrb@storify.com,Red,278-556-3295
985,Lissett,dlissettrc@t.co,Blue,816-986-7324
986,Follan,pfollanrd@twitter.com,Blue,542-811-7975
987,Wakefield,mwakefieldre@toplist.cz,Red,489-874-4936
988,Batistelli,ebatistellirf@dell.com,Blue,801-811-1143
989,Sickling,msicklingrg@liveinternet.ru,Green,391-186-8222
990,Santen,fsantenrh@last.fm,Blue,306-660-3680
991,Mossdale,lmossdaleri@mac.com,Red,649-722-5164
992,Goodredge,rgoodredgerj@naver.com,Red,607-578-0469
993,Barry,gbarryrk@merriam-webster.com,Blue,731-232-4618
994,Ewence,aewencerl@howstuffworks.com,Blue,696-968-7364
995,Greedier,pgreedierrm@de.vu,Green,190-259-4653
996,Elen,aelenrn@weibo.com,Blue,666-193-5092
997,Gosnoll,bgosnollro@opensource.org,Green,544-264-6056
998,Rounce,arouncerp@yale.edu,Red,127-312-4225
999,Quinney,rquinneyrq@nbcnews.com,Blue,113-813-0928
1000,Postance,rpostancerr@clickbank.net,Red,658-664-6485
